keyword,meaning,example
أزريت,مدخلة من قبل النظام,مدخلة من قبل النظام
أزقح,مدخلة من قبل النظام,مدخلة من قبل النظام
أشقله,مدخلة من قبل النظام,مدخلة من قبل النظام
أَغَدِيْ,مدخلة من قبل النظام,مدخلة من قبل النظام
ألزخك,مدخلة من قبل النظام,مدخلة من قبل النظام
إبتِل,مدخلة من قبل النظام,مدخلة من قبل النظام
إقدَع,مدخلة من قبل النظام,مدخلة من قبل النظام
إلفز,مدخلة من قبل النظام,مدخلة من قبل النظام
ابخص,مدخلة من قبل النظام,مدخلة من قبل النظام
ابلش,مدخلة من قبل النظام,مدخلة من قبل النظام
اثره,مدخلة من قبل النظام,مدخلة من قبل النظام
اجدع,مدخلة من قبل النظام,مدخلة من قبل النظام
احتريك,مدخلة من قبل النظام,مدخلة من قبل النظام
احلت,مدخلة من قبل النظام,مدخلة من قبل النظام
اذلف,مدخلة من قبل النظام,مدخلة من قبل النظام
ارجهن,مدخلة من قبل النظام,مدخلة من قبل النظام
ارنعك,مدخلة من قبل النظام,مدخلة من قبل النظام
ازقح,مدخلة من قبل النظام,مدخلة من قبل النظام
ازهله,مدخلة من قبل النظام,مدخلة من قبل النظام
ازوع,مدخلة من قبل النظام,مدخلة من قبل النظام
اطقطق,مدخلة من قبل النظام,مدخلة من قبل النظام
اطلق,مدخلة من قبل النظام,مدخلة من قبل النظام
اغديك,مدخلة من قبل النظام,مدخلة من قبل النظام
افحز,مدخلة من قبل النظام,مدخلة من قبل النظام
افهق,مدخلة من قبل النظام,مدخلة من قبل النظام
اقطب,مدخلة من قبل النظام,مدخلة من قبل النظام
اقلط,مدخلة من قبل النظام,مدخلة من قبل النظام
اكرش,مدخلة من قبل النظام,مدخلة من قبل النظام
الخد,مدخلة من قبل النظام,مدخلة من قبل النظام
الدلخ,مدخلة من قبل النظام,مدخلة من قبل النظام
القَطَّة,مدخلة من قبل النظام,مدخلة من قبل النظام
القم,مدخلة من قبل النظام,مدخلة من قبل النظام
الكشخه,مدخلة من قبل النظام,مدخلة من قبل النظام
اللوذة,مدخلة من قبل النظام,مدخلة من قبل النظام
امردغك,مدخلة من قبل النظام,مدخلة من قبل النظام
امطخه,مدخلة من قبل النظام,مدخلة من قبل النظام
انثبر,مدخلة من قبل النظام,مدخلة من قبل النظام
انحاش,مدخلة من قبل النظام,مدخلة من قبل النظام
انخرش,مدخلة من قبل النظام,مدخلة من قبل النظام
انطم,مدخلة من قبل النظام,مدخلة من قبل النظام
انقلع,مدخلة من قبل النظام,مدخلة من قبل النظام
انهج,مدخلة من قبل النظام,مدخلة من قبل النظام
اهجد,مدخلة من قبل النظام,مدخلة من قبل النظام
باصق,مدخلة من قبل النظام,مدخلة من قبل النظام
باغة,مدخلة من قبل النظام,مدخلة من قبل النظام
بالطقاق,مدخلة من قبل النظام,مدخلة من قبل النظام
بتل,مدخلة من قبل النظام,مدخلة من قبل النظام
بتلت  ، بتله,مدخلة من قبل النظام,مدخلة من قبل النظام
بثارة,مدخلة من قبل النظام,مدخلة من قبل النظام
بربسة,مدخلة من قبل النظام,مدخلة من قبل النظام
برحة,مدخلة من قبل النظام,مدخلة من قبل النظام
برشام,مدخلة من قبل النظام,مدخلة من قبل النظام
بَزَّى,مدخلة من قبل النظام,مدخلة من قبل النظام
بصرك,مدخلة من قبل النظام,مدخلة من قبل النظام
بصره,مدخلة من قبل النظام,مدخلة من قبل النظام
بلشه,مدخلة من قبل النظام,مدخلة من قبل النظام
تخب,مدخلة من قبل النظام,مدخلة من قبل النظام
تخذرتز,مدخلة من قبل النظام,مدخلة من قبل النظام
تدربى,مدخلة من قبل النظام,مدخلة من قبل النظام
تروش,مدخلة من قبل النظام,مدخلة من قبل النظام
تريق,مدخلة من قبل النظام,مدخلة من قبل النظام
تستهبل؟,مدخلة من قبل النظام,مدخلة من قبل النظام
تسليك,مدخلة من قبل النظام,مدخلة من قبل النظام
تطعيس,مدخلة من قبل النظام,مدخلة من قبل النظام
تعومس,مدخلة من قبل النظام,مدخلة من قبل النظام
تفخ,مدخلة من قبل النظام,مدخلة من قبل النظام
تقل,مدخلة من قبل النظام,مدخلة من قبل النظام
تكانه,مدخلة من قبل النظام,مدخلة من قبل النظام
تٍكَرْفَس,مدخلة من قبل النظام,مدخلة من قبل النظام
تلايص,مدخلة من قبل النظام,مدخلة من قبل النظام
تلايط,مدخلة من قبل النظام,مدخلة من قبل النظام
تنحت,مدخلة من قبل النظام,مدخلة من قبل النظام
تهقى,مدخلة من قبل النظام,مدخلة من قبل النظام
تولم,مدخلة من قبل النظام,مدخلة من قبل النظام
توهق,مدخلة من قبل النظام,مدخلة من قبل النظام
جحفل,مدخلة من قبل النظام,مدخلة من قبل النظام
حاس,مدخلة من قبل النظام,مدخلة من قبل النظام
حبكه,مدخلة من قبل النظام,مدخلة من قبل النظام
حجر,مدخلة من قبل النظام,مدخلة من قبل النظام
حره,مدخلة من قبل النظام,مدخلة من قبل النظام
حش,مدخلة من قبل النظام,مدخلة من قبل النظام
حشران,مدخلة من قبل النظام,مدخلة من قبل النظام
حقنة,مدخلة من قبل النظام,مدخلة من قبل النظام
حقنه,مدخلة من قبل النظام,مدخلة من قبل النظام
حليل,مدخلة من قبل النظام,مدخلة من قبل النظام
حنشل,مدخلة من قبل النظام,مدخلة من قبل النظام
حواَقْ,مدخلة من قبل النظام,مدخلة من قبل النظام
خاثِر,مدخلة من قبل النظام,مدخلة من قبل النظام
خانس,مدخلة من قبل النظام,مدخلة من قبل النظام
خثاريق,مدخلة من قبل النظام,مدخلة من قبل النظام
خَرَّاط,مدخلة من قبل النظام,مدخلة من قبل النظام
خرشني,مدخلة من قبل النظام,مدخلة من قبل النظام
خرمان,مدخلة من قبل النظام,مدخلة من قبل النظام
خشة,مدخلة من قبل النظام,مدخلة من قبل النظام
خشّه,مدخلة من قبل النظام,مدخلة من قبل النظام
خقه,مدخلة من قبل النظام,مدخلة من قبل النظام
خن,مدخلة من قبل النظام,مدخلة من قبل النظام
خنبقة,مدخلة من قبل النظام,مدخلة من قبل النظام
دافور,مدخلة من قبل النظام,مدخلة من قبل النظام
درعم,مدخلة من قبل النظام,مدخلة من قبل النظام
درو,مدخلة من قبل النظام,مدخلة من قبل النظام
دنفسة,مدخلة من قبل النظام,مدخلة من قبل النظام
دوك,مدخلة من قبل النظام,مدخلة من قبل النظام
رفله,مدخلة من قبل النظام,مدخلة من قبل النظام
رّيَشّ,مدخلة من قبل النظام,مدخلة من قبل النظام
زاحف,مدخلة من قبل النظام,مدخلة من قبل النظام
زاهب,مدخلة من قبل النظام,مدخلة من قبل النظام
زبن,مدخلة من قبل النظام,مدخلة من قبل النظام
زرف,مدخلة من قبل النظام,مدخلة من قبل النظام
زكن,مدخلة من قبل النظام,مدخلة من قبل النظام
زمين,مدخلة من قبل النظام,مدخلة من قبل النظام
زَهَمت,مدخلة من قبل النظام,مدخلة من قبل النظام
زَوليَّة,مدخلة من قبل النظام,مدخلة من قبل النظام
ساد,مدخلة من قبل النظام,مدخلة من قبل النظام
سَامِجْ,مدخلة من قبل النظام,مدخلة من قبل النظام
سبك,مدخلة من قبل النظام,مدخلة من قبل النظام
سحلة,مدخلة من قبل النظام,مدخلة من قبل النظام
سرا,مدخلة من قبل النظام,مدخلة من قبل النظام
سَو,مدخلة من قبل النظام,مدخلة من قبل النظام
شاقص,مدخلة من قبل النظام,مدخلة من قبل النظام
صَجّة,مدخلة من قبل النظام,مدخلة من قبل النظام
صجّه,مدخلة من قبل النظام,مدخلة من قبل النظام
صر,مدخلة من قبل النظام,مدخلة من قبل النظام
صفريّه,مدخلة من قبل النظام,مدخلة من قبل النظام
صْمَاط,مدخلة من قبل النظام,مدخلة من قبل النظام
صندقه,مدخلة من قبل النظام,مدخلة من قبل النظام
طار بالعجة,مدخلة من قبل النظام,مدخلة من قبل النظام
طارة,مدخلة من قبل النظام,مدخلة من قبل النظام
طاري,مدخلة من قبل النظام,مدخلة من قبل النظام
طرار,مدخلة من قبل النظام,مدخلة من قبل النظام
طراش,مدخلة من قبل النظام,مدخلة من قبل النظام
طعس,مدخلة من قبل النظام,مدخلة من قبل النظام
طفسة,مدخلة من قبل النظام,مدخلة من قبل النظام
طق,مدخلة من قبل النظام,مدخلة من قبل النظام
طقطقة,مدخلة من قبل النظام,مدخلة من قبل النظام
طمس,مدخلة من قبل النظام,مدخلة من قبل النظام
طناز,مدخلة من قبل النظام,مدخلة من قبل النظام
طنازه,مدخلة من قبل النظام,مدخلة من قبل النظام
طنَش,مدخلة من قبل النظام,مدخلة من قبل النظام
طنقرت,مدخلة من قبل النظام,مدخلة من قبل النظام
طهبلة,مدخلة من قبل النظام,مدخلة من قبل النظام
طهمجة,مدخلة من قبل النظام,مدخلة من قبل النظام
طوفِرِيهّ,مدخلة من قبل النظام,مدخلة من قبل النظام
عاني,مدخلة من قبل النظام,مدخلة من قبل النظام
عربجي,مدخلة من قبل النظام,مدخلة من قبل النظام
عصلا,مدخلة من قبل النظام,مدخلة من قبل النظام
عفسة,مدخلة من قبل النظام,مدخلة من قبل النظام
علثة,مدخلة من قبل النظام,مدخلة من قبل النظام
عيا,مدخلة من قبل النظام,مدخلة من قبل النظام
غلقة,مدخلة من قبل النظام,مدخلة من قبل النظام
فاهي,مدخلة من قبل النظام,مدخلة من قبل النظام
فَلّة,مدخلة من قبل النظام,مدخلة من قبل النظام
فَلَكَة,مدخلة من قبل النظام,مدخلة من قبل النظام
في قرنه,مدخلة من قبل النظام,مدخلة من قبل النظام
قَحَصْ,مدخلة من قبل النظام,مدخلة من قبل النظام
قحنته,مدخلة من قبل النظام,مدخلة من قبل النظام
قريح,مدخلة من قبل النظام,مدخلة من قبل النظام
قَطَّه,مدخلة من قبل النظام,مدخلة من قبل النظام
قعيطي,مدخلة من قبل النظام,مدخلة من قبل النظام
قفطة,مدخلة من قبل النظام,مدخلة من قبل النظام
قلط,مدخلة من قبل النظام,مدخلة من قبل النظام
كبيت العشا,مدخلة من قبل النظام,مدخلة من قبل النظام
كمخة,مدخلة من قبل النظام,مدخلة من قبل النظام
كوده,مدخلة من قبل النظام,مدخلة من قبل النظام
لبِّـد,مدخلة من قبل النظام,مدخلة من قبل النظام
ماتِيزِي,مدخلة من قبل النظام,مدخلة من قبل النظام
ماصة,مدخلة من قبل النظام,مدخلة من قبل النظام
مالك لوا,مدخلة من قبل النظام,مدخلة من قبل النظام
مانيب,مدخلة من قبل النظام,مدخلة من قبل النظام
مبزوط,مدخلة من قبل النظام,مدخلة من قبل النظام
مُبّطِي,مدخلة من قبل النظام,مدخلة من قبل النظام
مبوبز,مدخلة من قبل النظام,مدخلة من قبل النظام
مترع,مدخلة من قبل النظام,مدخلة من قبل النظام
متْوزّي,مدخلة من قبل النظام,مدخلة من قبل النظام
مَخَفَّة,مدخلة من قبل النظام,مدخلة من قبل النظام
مخفّه,مدخلة من قبل النظام,مدخلة من قبل النظام
مدرعم,مدخلة من قبل النظام,مدخلة من قبل النظام
مدهر,مدخلة من قبل النظام,مدخلة من قبل النظام
مربرب,مدخلة من قبل النظام,مدخلة من قبل النظام
مربوش,مدخلة من قبل النظام,مدخلة من قبل النظام
مزدي,مدخلة من قبل النظام,مدخلة من قبل النظام
مساع,مدخلة من قبل النظام,مدخلة من قبل النظام
مَشّ خِشّتْك,مدخلة من قبل النظام,مدخلة من قبل النظام
مِشتَط,مدخلة من قبل النظام,مدخلة من قبل النظام
مشفوح,مدخلة من قبل النظام,مدخلة من قبل النظام
مصالة,مدخلة من قبل النظام,مدخلة من قبل النظام
مصفر,مدخلة من قبل النظام,مدخلة من قبل النظام
مطرسة,مدخلة من قبل النظام,مدخلة من قبل النظام
مطفوق,مدخلة من قبل النظام,مدخلة من قبل النظام
مطنوخ,مدخلة من قبل النظام,مدخلة من قبل النظام
مطوع,مدخلة من قبل النظام,مدخلة من قبل النظام
معصقل,مدخلة من قبل النظام,مدخلة من قبل النظام
معفط,مدخلة من قبل النظام,مدخلة من قبل النظام
معفوس,مدخلة من قبل النظام,مدخلة من قبل النظام
مغلدم,مدخلة من قبل النظام,مدخلة من قبل النظام
ملطم,مدخلة من قبل النظام,مدخلة من قبل النظام
منتب,مدخلة من قبل النظام,مدخلة من قبل النظام
منسم,مدخلة من قبل النظام,مدخلة من قبل النظام
منفس,مدخلة من قبل النظام,مدخلة من قبل النظام
منيب,مدخلة من قبل النظام,مدخلة من قبل النظام
مهايطي,مدخلة من قبل النظام,مدخلة من قبل النظام
مهوب,مدخلة من قبل النظام,مدخلة من قبل النظام
مهيض,مدخلة من قبل النظام,مدخلة من قبل النظام
مواريها,مدخلة من قبل النظام,مدخلة من قبل النظام
مُوصَيه,مدخلة من قبل النظام,مدخلة من قبل النظام
ميانة,مدخلة من قبل النظام,مدخلة من قبل النظام
ميد,مدخلة من قبل النظام,مدخلة من قبل النظام
ميدي,مدخلة من قبل النظام,مدخلة من قبل النظام
مير,مدخلة من قبل النظام,مدخلة من قبل النظام
نحشة,مدخلة من قبل النظام,مدخلة من قبل النظام
نصا,مدخلة من قبل النظام,مدخلة من قبل النظام
نطله,مدخلة من قبل النظام,مدخلة من قبل النظام
نغر,مدخلة من قبل النظام,مدخلة من قبل النظام
هاندري,مدخلة من قبل النظام,مدخلة من قبل النظام
هَثْوِلي,مدخلة من قبل النظام,مدخلة من قبل النظام
هِدِر,مدخلة من قبل النظام,مدخلة من قبل النظام
هطف,مدخلة من قبل النظام,مدخلة من قبل النظام
هقوتك,مدخلة من قبل النظام,مدخلة من قبل النظام
هَلاّس,مدخلة من قبل النظام,مدخلة من قبل النظام
هماك,مدخلة من قبل النظام,مدخلة من قبل النظام
هيض,مدخلة من قبل النظام,مدخلة من قبل النظام
والم,مدخلة من قبل النظام,مدخلة من قبل النظام
وخري عني,مدخلة من قبل النظام,مدخلة من قبل النظام
ودّاء,مدخلة من قبل النظام,مدخلة من قبل النظام
وذف,مدخلة من قبل النظام,مدخلة من قبل النظام
وراه,مدخلة من قبل النظام,مدخلة من قبل النظام
ورع,مدخلة من قبل النظام,مدخلة من قبل النظام
يتمردغ,مدخلة من قبل النظام,مدخلة من قبل النظام
يتناوط,مدخلة من قبل النظام,مدخلة من قبل النظام
يتنعفق,مدخلة من قبل النظام,مدخلة من قبل النظام
يَحتَري,مدخلة من قبل النظام,مدخلة من قبل النظام
يحتريني,مدخلة من قبل النظام,مدخلة من قبل النظام
يَخَت,مدخلة من قبل النظام,مدخلة من قبل النظام
يخم,مدخلة من قبل النظام,مدخلة من قبل النظام
يُدَبِّجْ,مدخلة من قبل النظام,مدخلة من قبل النظام
يسعبل,مدخلة من قبل النظام,مدخلة من قبل النظام
يصاليك,مدخلة من قبل النظام,مدخلة من قبل النظام
يطامر,مدخلة من قبل النظام,مدخلة من قبل النظام
يقامز,مدخلة من قبل النظام,مدخلة من قبل النظام
يَلهطْ,مدخلة من قبل النظام,مدخلة من قبل النظام
يمترش,مدخلة من قبل النظام,مدخلة من قبل النظام
يمديني,مدخلة من قبل النظام,مدخلة من قبل النظام
ينْظِل,مدخلة من قبل النظام,مدخلة من قبل النظام
يهج,مدخلة من قبل النظام,مدخلة من قبل النظام
يهك,مدخلة من قبل النظام,مدخلة من قبل النظام
يهوجس,مدخلة من قبل النظام,مدخلة من قبل النظام
يهوش,مدخلة من قبل النظام,مدخلة من قبل النظام
يويق,مدخلة من قبل النظام,مدخلة من قبل النظام
ييزي,مدخلة من قبل النظام,مدخلة من قبل النظام